user_id,username,first_name,last_name,email,password,is_staff,is_active,address,city,postcode
1,diana.smith1,Diana,Smith,diana.smith1@email.com,123,False,True,95 Queen Avenue,Bristol,BS4 3EW
2,henry.williams2,Henry,Williams,henry.williams2@email.com,123,False,True,95 Church Road,Bristol,BS9 1JB
3,charlie.roberts3,Charlie,Roberts,charlie.roberts3@email.com,123,False,True,55 High Street,Bristol,BS1 4PJ
4,charlie.taylor4,Charlie,Taylor,charlie.taylor4@email.com,123,False,True,30 Clifton Down,Bristol,BS10 5EX
5,alice.thomas5,Alice,Thomas,alice.thomas5@email.com,123,False,True,26 Clifton Down,Bristol,BS7 8AT
6,henry.wilson6,Henry,Wilson,henry.wilson6@email.com,123,False,True,76 Queen Avenue,Bristol,BS1 4PJ
7,frank.walker7,Frank,Walker,frank.walker7@email.com,123,False,True,55 Park Lane,Bristol,BS5 6HX
8,eve.taylor8,Eve,Taylor,eve.taylor8@email.com,123,False,True,98 Park Lane,Bristol,BS2 8QD
9,charlie.evans9,Charlie,Evans,charlie.evans9@email.com,123,False,True,13 Park Lane,Bristol,BS6 7NR
10,tara.brown10,Tara,Brown,tara.brown10@email.com,123,False,True,104 High Street,Bristol,BS8 2HY
11,rachel.jones11,Rachel,Jones,rachel.jones11@email.com,123,False,True,119 Mill Road,Bristol,BS2 8QD
12,rachel.brown12,Rachel,Brown,rachel.brown12@email.com,123,False,True,107 Whiteladies Road,Bristol,BS6 7NR
13,sam.taylor13,Sam,Taylor,sam.taylor13@email.com,123,False,True,91 Church Road,Bristol,BS1 4PJ
14,henry.brown14,Henry,Brown,henry.brown14@email.com,123,False,True,11 King Street,Bristol,BS2 8QD
15,mia.brown15,Mia,Brown,mia.brown15@email.com,123,False,True,59 Park Lane,Bristol,BS3 1LZ
16,leo.davies16,Leo,Davies,leo.davies16@email.com,123,False,True,27 Queen Avenue,Bristol,BS2 8QD
17,tara.johnson17,Tara,Johnson,tara.johnson17@email.com,123,False,True,22 Clifton Down,Bristol,BS4 3EW
18,frank.wilson18,Frank,Wilson,frank.wilson18@email.com,123,False,True,49 Queen Avenue,Bristol,BS9 1JB
19,henry.johnson19,Henry,Johnson,henry.johnson19@email.com,123,False,True,42 High Street,Bristol,BS4 3EW
20,bob.davies20,Bob,Davies,bob.davies20@email.com,123,False,True,52 Queen Avenue,Bristol,BS2 8QD
21,grace.roberts21,Grace,Roberts,grace.roberts21@email.com,123,False,True,113 Park Lane,Bristol,BS4 3EW
22,peter.evans22,Peter,Evans,peter.evans22@email.com,123,False,True,114 Station Road,Bristol,BS3 1LZ
23,isla.williams23,Isla,Williams,isla.williams23@email.com,123,False,True,32 Clifton Down,Bristol,BS9 1JB
24,isla.walker24,Isla,Walker,isla.walker24@email.com,123,False,True,75 Mill Road,Bristol,BS10 5EX
25,mia.davies25,Mia,Davies,mia.davies25@email.com,123,False,True,29 Victoria Road,Bristol,BS9 1JB
26,peter.jones26,Peter,Jones,peter.jones26@email.com,123,False,True,97 High Street,Bristol,BS2 8QD
27,eve.johnson27,Eve,Johnson,eve.johnson27@email.com,123,False,True,21 Mill Road,Bristol,BS10 5EX
28,charlie.evans28,Charlie,Evans,charlie.evans28@email.com,123,False,True,49 Whiteladies Road,Bristol,BS8 2HY
29,quinn.brown29,Quinn,Brown,quinn.brown29@email.com,123,False,True,71 High Street,Bristol,BS2 8QD
30,rachel.brown30,Rachel,Brown,rachel.brown30@email.com,123,False,True,99 Park Lane,Bristol,BS2 8QD
31,jack.evans31,Jack,Evans,jack.evans31@email.com,123,False,True,21 Station Road,Bristol,BS1 4PJ
32,isla.thomas32,Isla,Thomas,isla.thomas32@email.com,123,False,True,98 Victoria Road,Bristol,BS9 1JB
33,diana.johnson33,Diana,Johnson,diana.johnson33@email.com,123,False,True,39 Clifton Down,Bristol,BS10 5EX
34,grace.williams34,Grace,Williams,grace.williams34@email.com,123,False,True,48 Victoria Road,Bristol,BS9 1JB
35,quinn.smith35,Quinn,Smith,quinn.smith35@email.com,123,False,True,77 Park Lane,Bristol,BS8 2HY
36,alice.jones36,Alice,Jones,alice.jones36@email.com,123,False,True,119 Park Lane,Bristol,BS5 6HX
37,henry.smith37,Henry,Smith,henry.smith37@email.com,123,False,True,31 Whiteladies Road,Bristol,BS2 8QD
38,charlie.walker38,Charlie,Walker,charlie.walker38@email.com,123,False,True,63 Church Road,Bristol,BS9 1JB
39,eve.williams39,Eve,Williams,eve.williams39@email.com,123,False,True,85 Station Road,Bristol,BS9 1JB
40,frank.brown40,Frank,Brown,frank.brown40@email.com,123,False,True,68 Whiteladies Road,Bristol,BS7 8AT
41,grace.thomas41,Grace,Thomas,grace.thomas41@email.com,123,False,True,97 King Street,Bristol,BS5 6HX
42,mia.johnson42,Mia,Johnson,mia.johnson42@email.com,123,False,True,84 Park Lane,Bristol,BS8 2HY
43,quinn.wilson43,Quinn,Wilson,quinn.wilson43@email.com,123,False,True,16 King Street,Bristol,BS4 3EW
44,charlie.davies44,Charlie,Davies,charlie.davies44@email.com,123,False,True,3 Whiteladies Road,Bristol,BS9 1JB
45,henry.roberts45,Henry,Roberts,henry.roberts45@email.com,123,False,True,29 High Street,Bristol,BS2 8QD
46,bob.taylor46,Bob,Taylor,bob.taylor46@email.com,123,False,True,9 High Street,Bristol,BS6 7NR
47,charlie.thomas47,Charlie,Thomas,charlie.thomas47@email.com,123,False,True,31 Queen Avenue,Bristol,BS8 2HY
48,grace.thomas48,Grace,Thomas,grace.thomas48@email.com,123,False,True,17 Whiteladies Road,Bristol,BS10 5EX
49,peter.taylor49,Peter,Taylor,peter.taylor49@email.com,123,False,True,101 Station Road,Bristol,BS7 8AT
50,grace.jones50,Grace,Jones,grace.jones50@email.com,123,False,True,13 Mill Road,Bristol,BS6 7NR
51,noah.evans51,Noah,Evans,noah.evans51@email.com,123,False,True,60 High Street,Bristol,BS2 8QD
52,bob.evans52,Bob,Evans,bob.evans52@email.com,123,False,True,94 Park Lane,Bristol,BS2 8QD
53,henry.taylor53,Henry,Taylor,henry.taylor53@email.com,123,False,True,25 Clifton Down,Bristol,BS8 2HY
54,eve.evans54,Eve,Evans,eve.evans54@email.com,123,False,True,24 Queen Avenue,Bristol,BS8 2HY
55,henry.jones55,Henry,Jones,henry.jones55@email.com,123,False,True,57 Clifton Down,Bristol,BS2 8QD
56,bob.johnson56,Bob,Johnson,bob.johnson56@email.com,123,False,True,70 High Street,Bristol,BS2 8QD
57,henry.williams57,Henry,Williams,henry.williams57@email.com,123,False,True,53 Station Road,Bristol,BS8 2HY
58,grace.evans58,Grace,Evans,grace.evans58@email.com,123,False,True,116 High Street,Bristol,BS3 1LZ
59,mia.smith59,Mia,Smith,mia.smith59@email.com,123,False,True,50 Queen Avenue,Bristol,BS8 2HY
60,jack.evans60,Jack,Evans,jack.evans60@email.com,123,False,True,90 Clifton Down,Bristol,BS8 2HY
61,eve.taylor61,Eve,Taylor,eve.taylor61@email.com,123,False,True,38 King Street,Bristol,BS1 4PJ
62,sam.walker62,Sam,Walker,sam.walker62@email.com,123,False,True,70 High Street,Bristol,BS6 7NR
63,bob.smith63,Bob,Smith,bob.smith63@email.com,123,False,True,75 Station Road,Bristol,BS9 1JB
64,quinn.williams64,Quinn,Williams,quinn.williams64@email.com,123,False,True,8 Clifton Down,Bristol,BS2 8QD
65,frank.jones65,Frank,Jones,frank.jones65@email.com,123,False,True,77 Church Road,Bristol,BS4 3EW
66,mia.jones66,Mia,Jones,mia.jones66@email.com,123,False,True,114 Whiteladies Road,Bristol,BS4 3EW
67,sam.roberts67,Sam,Roberts,sam.roberts67@email.com,123,False,True,6 Whiteladies Road,Bristol,BS2 8QD
68,noah.johnson68,Noah,Johnson,noah.johnson68@email.com,123,False,True,75 Whiteladies Road,Bristol,BS9 1JB
69,karen.brown69,Karen,Brown,karen.brown69@email.com,123,False,True,27 Park Lane,Bristol,BS4 3EW
70,isla.evans70,Isla,Evans,isla.evans70@email.com,123,False,True,17 Queen Avenue,Bristol,BS8 2HY
71,karen.jones71,Karen,Jones,karen.jones71@email.com,123,False,True,2 Station Road,Bristol,BS10 5EX
72,sam.jones72,Sam,Jones,sam.jones72@email.com,123,False,True,10 Clifton Down,Bristol,BS4 3EW
73,quinn.brown73,Quinn,Brown,quinn.brown73@email.com,123,False,True,17 Park Lane,Bristol,BS2 8QD
74,henry.davies74,Henry,Davies,henry.davies74@email.com,123,False,True,37 Victoria Road,Bristol,BS8 2HY
75,rachel.walker75,Rachel,Walker,rachel.walker75@email.com,123,False,True,39 Whiteladies Road,Bristol,BS9 1JB
76,alice.johnson76,Alice,Johnson,alice.johnson76@email.com,123,False,True,105 Clifton Down,Bristol,BS5 6HX
77,diana.williams77,Diana,Williams,diana.williams77@email.com,123,False,True,34 Church Road,Bristol,BS2 8QD
78,rachel.williams78,Rachel,Williams,rachel.williams78@email.com,123,False,True,35 Queen Avenue,Bristol,BS10 5EX
79,grace.walker79,Grace,Walker,grace.walker79@email.com,123,False,True,44 King Street,Bristol,BS5 6HX
80,quinn.wilson80,Quinn,Wilson,quinn.wilson80@email.com,123,False,True,33 High Street,Bristol,BS2 8QD
